縣市,鄉鎮市區,所得平均數_萬元,所得中位數_萬元,目標年齡層佔比_百分比,附近核心商場/商圈,latitude,longitude
台北市,中正區,132.6,98.2,23.6,台北車站微風商圈 / 站前新光三越,25.03,121.51
台北市,大同區,108.7,80.5,25.2,京站時尚廣場 / 寧夏夜市商圈,25.06,121.51
台北市,中山區,126.2,93.5,24.8,新光三越台北南西店 / 晴光商圈,25.05,121.52
台北市,松山區,138.2,102.4,25.7,微風廣場 / 饒河街夜市商圈,25.05,121.55
台北市,大安區,162.4,120.3,24.1,遠東SOGO復興與忠孝館 / 東區商圈,25.03,121.54
台北市,萬華區,102.1,75.6,26.3,西門町徒步區商圈 / 萬華車站商圈,25.03,121.49
台北市,信義區,156.3,115.8,25.4,台北信義新天地 (A4-A11) / 微風信義,25.03,121.56
台北市,士林區,122.3,90.6,26.8,遠東SOGO天母店 / 士林夜市商圈,25.09,121.52
台北市,北投區,113.8,84.3,23.6,北投溫泉商圈 / 石牌裕民商圈,25.13,121.5
台北市,內湖區,141.9,105.1,23.5,內湖美麗華百樂園 / 內科大潤發Costco區,25.07,121.59
台北市,南港區,123.1,91.2,23.6,CITYLINK 南港店 / 環球購物中心,25.05,121.61
台北市,文山區,119.3,88.4,25.7,文山景美夜市商圈 / 萬芳醫院商圈,24.99,121.57
新北市,板橋區,133.0,98.5,23.8,板橋大遠百 / 遠東百貨 / 環球板橋車站,25.01,121.46
新北市,三重區,102.9,76.2,26.6,三重正義重新商圈 / 三和夜市,25.06,121.48
新北市,中和區,113.7,84.2,23.6,中和環球購物中心 / 景安商圈,25.0,121.47
新北市,永和區,120.3,89.1,26.0,比漾廣場 / 永和頂溪商圈 / 樂華夜市,25.0,121.51
新北市,新莊區,111.2,82.4,26.2,宏匯廣場 Honhui Plaza / 新莊廟街,25.02,121.44
新北市,新店區,137.8,102.1,25.5,新店裕隆城 / 碧潭商圈 / 七張商圈,24.96,121.52
新北市,樹林區,102.3,75.8,26.4,秀泰生活樹林店 / 樹林火車站商圈,24.99,121.42
新北市,鶯歌區,96.1,71.2,24.1,鶯歌陶瓷老街商圈 / 鶯歌火車站,24.95,121.35
新北市,三峽區,108.5,80.4,25.2,三峽北大特區商圈 / 三峽老街,24.93,121.36
新北市,淡水區,103.3,76.5,26.8,淡水大都會廣場 / 淡水老街商圈,25.17,121.44
新北市,汐止區,112.2,83.1,26.5,遠雄廣場 iFG Square / 汐止觀光夜市,25.06,121.65
新北市,瑞芳區,86.7,64.2,24.1,瑞芳火車站商圈 / 九份老街,25.1,121.8
新北市,土城區,105.8,78.4,24.2,日月光廣場 ASE WeGo Mall / 海山商圈,24.97,121.45
新北市,蘆洲區,104.4,77.3,23.6,蘆洲徐匯廣場 / 三民路商圈,25.08,121.47
新北市,五股區,99.2,73.5,25.2,五股成州商圈 / 五興路商圈,25.08,121.43
新北市,泰山區,101.0,74.8,25.9,泰山明志路商圈 / 泰林路商圈,25.05,121.43
新北市,林口區,129.1,95.6,25.8,MITSUI OUTLET PARK 林口 / 三井奧特萊斯,25.07,121.39
新北市,深坑區,101.4,75.1,26.0,深坑老街商圈,25.0,121.61
新北市,石碇區,89.6,66.4,25.2,石碇老街山城商圈,24.99,121.66
新北市,坪林區,88.0,65.2,24.6,坪林茶業老街商圈,24.93,121.71
新北市,三芝區,86.1,63.8,23.9,三芝淺水灣海濱商圈,25.25,121.5
新北市,石門區,83.8,62.1,26.6,石門富基漁港觀光商圈,25.28,121.56
新北市,八里區,96.4,71.4,24.2,八里左岸觀光商圈 / 渡船頭,25.14,121.39
新北市,平溪區,82.6,61.2,26.1,平溪十分老街天燈商圈,25.02,121.74
新北市,雙溪區,81.7,60.5,25.8,雙溪火車站市區商圈,25.03,121.86
新北市,貢寮區,84.2,62.4,26.7,福隆車站海濱商圈 / 澳底,25.02,121.94
新北市,金山區,88.7,65.7,24.9,金山金包里老街商圈,25.22,121.63
新北市,萬里區,87.1,64.5,24.2,野柳海鮮觀光商圈,25.17,121.68
新北市,烏來區,85.3,63.2,23.6,烏來溫泉觀光老街,24.86,121.55
桃園市,桃園區,129.1,95.6,25.8,桃園藝文特區 / 統領廣場 / 桃園車站商圈,25.01,121.29
桃園市,中壢區,138.2,102.4,25.7,華泰名品城 / 青埔高鐵特區 / 遠東SOGO中壢店,24.99,121.21
桃園市,大溪區,96.1,71.2,24.1,大溪和平老街商圈,24.88,121.28
桃園市,楊梅區,106.0,78.5,24.2,楊梅火車站商圈 / 埔心商圈,24.9,121.14
桃園市,蘆竹區,124.7,92.4,24.2,台茂購物中心 / 南崁精華商圈,25.04,121.29
桃園市,大園區,101.8,75.4,26.2,大園客運特區商圈 / 機場周邊,25.06,121.19
桃園市,龜山區,119.7,88.7,25.9,林口長庚復興路商圈 / A7體育大學商圈,25.02,121.37
桃園市,八德區,109.8,81.3,25.6,置地生活廣場八德店 (廣豐新天地),24.92,121.29
桃園市,龍潭區,108.3,80.2,25.1,龍潭大池中正路商圈,24.86,121.21
桃園市,平鎮區,111.5,82.6,26.3,平鎮南勢中豐路商圈,24.93,121.21
桃園市,新屋區,95.2,70.5,23.8,新屋市區中正路商圈,24.97,121.1
桃園市,觀音區,98.7,73.1,25.0,觀音草漯重劃區商圈,25.03,121.08
桃園市,復興區,84.2,62.4,26.7,角板山形象老街商圈,24.78,121.39
基隆市,仁愛區,97.3,72.1,24.5,基隆廟口夜市商圈 / 東岸廣場 E-Square,25.12,121.74
基隆市,信義區,100.6,74.5,25.8,基隆深溪路商圈 / 法院周邊,25.12,121.76
基隆市,中正區,94.8,70.2,23.6,正濱漁港彩虹屋商圈 / 義二路,25.15,121.76
基隆市,中山區,92.3,68.4,26.2,基隆復興路民生商圈,25.14,121.72
基隆市,安樂區,98.7,73.1,25.0,安樂大武崙基金一路商圈,25.12,121.7
基隆市,暖暖區,101.8,75.4,26.2,暖暖街暖暖暖火車站商圈,25.1,121.73
基隆市,七堵區,96.9,71.8,24.4,七堵火車站自治街商圈,25.09,121.71
新竹市,東區,330.9,245.1,23.5,新竹科學園區商圈 / 關埔重劃區Costco / 遠東巨城,24.78,121.01
新竹市,北區,148.8,110.2,26.1,新竹大遠百 / 城隍廟大同路商圈,24.8,120.96
新竹市,香山區,124.9,92.5,24.2,香山大庄核心民生商圈,24.76,120.92
新竹縣,竹北市,182.8,135.4,24.7,遠東百貨竹北店 / 享平方ShownSquare / 高鐵特區,24.82,121.01
新竹縣,竹東鎮,106.1,78.6,24.3,竹東火車站圓環商圈 / 長春路,24.73,121.09
新竹縣,新埔鎮,96.1,71.2,24.1,新埔中正路老街客家商圈,24.82,121.07
新竹縣,關西鎮,92.5,68.5,26.2,關西老街客家文創商圈,24.79,121.17
新竹縣,湖口鄉,108.5,80.4,25.2,湖口王爺壟特區 / 湖口火車站商圈,24.9,121.04
新竹縣,新豐鄉,106.8,79.1,24.5,新豐新興路山崎商圈,24.89,120.99
新竹縣,芎林鄉,101.7,75.3,26.1,芎林文昌街重劃區商圈,24.78,121.07
新竹縣,橫山鄉,86.7,64.2,24.1,內灣老街風景區商圈,24.72,121.11
新竹縣,北埔鄉,88.8,65.8,24.9,北埔老街客家商圈,24.69,121.05
新竹縣,寶山鄉,156.1,115.6,25.3,寶山雙溪核心民生商圈 (台積電擴廠效應),24.76,121.02
新竹縣,峨眉鄉,82.6,61.2,26.1,峨眉湖風景區觀光發展區,24.68,121.01
新竹縣,尖石鄉,84.4,62.5,26.8,尖石溫泉部落觀光商圈,24.67,121.21
新竹縣,五峰鄉,83.4,61.8,26.4,五峰清泉風景觀光區,24.63,121.11
苗栗縣,苗栗市,97.9,72.5,24.8,苗栗火車站中正路商圈,24.56,120.82
苗栗縣,頭份市,101.5,75.2,26.1,頭份尚順購物中心 (Shang Shun Mall) / 中央路,24.68,120.9
苗栗縣,竹南鎮,101.0,74.8,25.9,竹南火車站博愛路商圈 / 竹南科學園區,24.68,120.87
苗栗縣,苑裡鎮,89.4,66.2,25.1,苑裡火車站為公路天下路商圈,24.44,120.65
苗栗縣,通霄鎮,87.1,64.5,24.2,通霄火車站中正路商圈,24.48,120.67
苗栗縣,後龍鎮,87.9,65.1,24.5,後龍火車站圓環中山路商圈,24.61,120.78
苗栗縣,卓蘭鎮,82.6,61.2,26.1,卓蘭水果意象中正路商圈,24.31,120.82
苗栗縣,大湖鄉,84.2,62.4,26.7,大湖草莓文化館觀光商圈,24.42,120.86
苗栗縣,公館鄉,90.2,66.8,25.4,公館市區大同路民生商圈,24.52,120.82
苗栗縣,銅鑼鄉,91.1,67.5,25.8,銅鑼火車站中正路商圈,24.48,120.78
苗栗縣,三義鄉,86.7,64.2,24.1,三義水美木雕老街商圈,24.41,120.76
苗栗縣,西湖鄉,83.8,62.1,26.6,西湖文創在地農業生活圈,24.54,120.74
苗栗縣,造橋鄉,88.3,65.4,24.7,造橋市區民生發展區,24.63,120.86
苗栗縣,三灣鄉,83.4,61.8,26.4,三灣中正路客家老街,24.65,120.95
苗栗縣,獅潭鄉,81.1,60.1,25.6,獅潭新店老街商圈,24.54,120.92
苗栗縣,泰安鄉,82.9,61.4,26.2,泰安溫泉觀光飯店區,24.42,120.97
台中市,中區,98.7,73.1,25.0,台中火車站商圈 / 宮原眼科 / 台灣大道,24.14,120.68
台中市,東區,107.3,79.5,24.8,三井 LaLaport 台中 / 大魯閣新時代購物中心,24.13,120.69
台中市,南區,106.9,79.2,24.6,大慶火車站商圈 / 工學路民生商圈,24.11,120.66
台中市,西區,120.4,89.2,26.1,勤美誠品綠園道 / 草悟道商圈 / 廣三SOGO,24.14,120.66
台中市,北區,108.5,80.4,25.2,一中街商圈 / 中友百貨 / 健行路商圈,24.15,120.68
台中市,西屯區,132.6,98.2,23.6,台中新光三越 / 台中大遠百 / 逢甲夜市 / 七期,24.16,120.64
台中市,南屯區,123.3,91.3,23.6,公益路餐飲商圈 / 文心秀泰 / 好市多Costco,24.13,120.64
台中市,北屯區,119.6,88.6,25.8,崇德路商圈 / 洲際棒球場特區 / 總站夜市,24.18,120.68
台中市,豐原區,111.2,82.4,26.2,豐原廟東夜市商圈 / 太平洋百貨豐原店,24.25,120.71
台中市,東勢區,88.8,65.8,24.9,東勢豐勢路客家美食商圈,24.25,120.82
台中市,大甲區,102.1,75.6,26.3,大甲鎮瀾宮商圈 / 蔣公路夜市,24.34,120.62
台中市,清水區,99.1,73.4,25.2,清水中山路商圈 / 高美濕地風景區,24.26,120.53
台中市,沙鹿區,105.6,78.2,24.1,沙鹿火車站商圈 / 靜宜大學中山路商圈,24.23,120.56
台中市,梧棲區,102.7,76.1,26.5,MITSUI OUTLET PARK 台中港 (三井奧特萊斯),24.26,120.52
台中市,后里區,100.2,74.2,25.6,麗寶 OUTLET MALL / 后里火車站商圈,24.3,120.71
台中市,神岡區,98.3,72.8,24.9,神岡中山路民生商圈,24.25,120.66
台中市,潭子區,104.1,77.1,23.5,潭子加工出口區商圈 / 勝利路,24.21,120.7
台中市,大雅區,103.3,76.5,26.8,大雅學府路商圈 / 民生路商圈,24.22,120.64
台中市,新社區,89.4,66.2,25.1,新社香菇街形象商圈 / 花海發展區,24.22,120.81
台中市,石岡區,88.3,65.4,24.7,石岡東豐綠廊觀光商圈,24.27,120.77
台中市,外埔區,92.1,68.2,26.1,外埔甲后路市區發展區,24.33,120.65
台中市,大安區,89.2,66.1,25.0,大安濱海觀光生活圈,24.34,120.58
台中市,烏日區,109.6,81.2,25.6,烏日高鐵娛樂購物城特區 / 中山路商圈,24.1,120.62
台中市,大肚區,97.6,72.3,24.6,大肚火車站沙田路商圈,24.15,120.54
台中市,龍井區,103.1,76.4,26.7,東海大學國際街夜市商圈 / 藝術街,24.18,120.54
台中市,霧峰區,99.2,73.5,25.2,霧峰中正路商圈 / 樹仁路商圈 / 林家花園,24.06,120.69
台中市,太平區,104.6,77.5,23.8,太平樹孝商圈 / 中山路商圈,24.12,120.71
台中市,大里區,107.7,79.8,24.9,大里中興路商圈 / 國光路大聯大商圈,24.1,120.67
台中市,和平區,86.1,63.8,23.9,谷關溫泉觀光商圈 / 梨山生活圈,24.2,121.0
彰化縣,彰化市,99.1,73.4,25.2,彰化大埔路餐飲商圈 / 永樂街孔廟商圈,24.07,120.54
彰化縣,鹿港鎮,92.5,68.5,26.2,鹿港中山路老街商圈 / 頂番婆五金水暖商圈,24.05,120.43
彰化縣,和美鎮,93.4,69.2,26.6,和美市區鹿和路彰美路圓環商圈,24.11,120.5
彰化縣,線西鄉,85.2,63.1,23.6,線西彰濱工業區生活圈,24.12,120.46
彰化縣,伸港鄉,87.5,64.8,24.4,伸港新港路核心民生商圈,24.15,120.48
彰化縣,福興鄉,88.0,65.2,24.6,福興彰鹿路生活圈 / 沿海農業商圈,24.04,120.44
彰化縣,秀水鄉,90.0,66.7,25.4,秀水彰水路核心民生商圈,24.03,120.5
彰化縣,花壇鄉,91.0,67.4,25.7,花壇火車站中山路商圈,24.02,120.54
彰化縣,芬園鄉,85.7,63.5,23.8,芬園社口彰南路核心商圈,24.01,120.62
彰化縣,員林市,96.1,71.2,24.1,員林火車站光明街商圈 / 大潤發商圈,23.95,120.57
彰化縣,溪湖鎮,89.6,66.4,25.2,溪湖糖廠觀光商圈 / 二溪路彰水路,23.95,120.48
彰化縣,田中鎮,88.8,65.8,24.9,田中火車站中州路商圈 / 彰化高鐵特區,23.85,120.58
彰化縣,大村鄉,91.9,68.1,26.0,大村火車站商圈 / 大葉大學大學城商圈,23.99,120.56
彰化縣,埔鹽鄉,86.3,63.9,23.9,埔鹽彰水路市區發展區,23.98,120.46
彰化縣,埔心鄉,88.6,65.6,24.8,埔心市區中正路生活圈,23.95,120.53
彰化縣,永靖鄉,86.7,64.2,24.1,永靖中山路老街商圈,23.92,120.53
彰化縣,社頭鄉,87.9,65.1,24.5,社頭火車站中山路織襪芭樂商圈,23.89,120.58
彰化縣,二水鄉,82.9,61.4,26.2,二水火車站光文路商圈,23.81,120.61
彰化縣,田尾鄉,86.8,64.3,24.1,田尾公路花園花卉觀光商圈,23.9,120.52
彰化縣,埤頭鄉,85.3,63.2,23.6,埤頭斗苑路明道大學生活圈,23.89,120.46
彰化縣,芳苑鄉,82.5,61.1,26.1,芳苑王功漁港美食觀光商圈,23.92,120.32
彰化縣,大城鄉,81.5,60.4,25.7,大城鄉公所中正路生活圈,23.85,120.32
彰化縣,竹塘鄉,83.4,61.8,26.4,竹塘市區中央路生活圈,23.85,120.42
彰化縣,溪州鄉,85.7,63.5,23.8,溪州公園觀光特區 / 溪州民生路商圈,23.85,120.49
彰化縣,北斗鎮,90.6,67.1,25.5,北斗奠安宮中華路肉圓美食商圈,23.87,120.52
彰化縣,二林鎮,86.7,64.2,24.1,二林斗苑路商圈 / 二林中科科學園區,23.89,120.37
南投縣,南投市,92.1,68.2,26.1,南投家樂福商圈 / 三和三路 / 復興路,23.91,120.68
南投縣,埔里鎮,88.3,65.4,24.7,埔里酒廠中山路商圈 / 埔里中正路商圈,23.96,120.96
南投縣,草屯鎮,91.5,67.8,25.9,草屯大觀市場中正路商圈 / 太平路,23.97,120.68
南投縣,竹山鎮,85.3,63.2,23.6,竹山雲林路老街商圈 / 紫南宮周邊,23.75,120.67
南投縣,集集鎮,83.8,62.1,26.6,集集老街火車站形象商圈,23.82,120.78
南投縣,名間鄉,84.8,62.8,26.9,名間濁水火車站彰南路商圈,23.83,120.7
南投縣,鹿谷鄉,82.9,61.4,26.2,溪頭妖怪村觀光商圈 / 鹿谷中正路,23.74,120.75
南投縣,中寮鄉,81.3,60.2,25.6,中寮永平路市區發展區,23.87,120.76
南投縣,魚池鄉,85.7,63.5,23.8,日月潭水社碼頭商圈 / 伊達邵商圈,23.89,120.93
南投縣,國姓鄉,82.5,61.1,26.1,國姓中興路形象商圈,24.04,120.85
南投縣,水里鄉,84.2,62.4,26.7,水里火車站中山路商圈,23.81,120.85
南投縣,信義鄉,82.1,60.8,25.9,東埔溫泉風景觀光區 / 雙龍瀑布,23.68,120.85
南投縣,仁愛鄉,83.0,61.5,26.2,清境農場國民賓館商圈 / 霧社商圈,24.02,121.13
雲林縣,斗六市,91.1,67.5,25.8,斗六火車站民生路商圈 / 棒球場特區,23.7,120.43
雲林縣,斗南鎮,86.7,64.2,24.1,斗南火車站中山路延平路商圈,23.67,120.47
雲林縣,虎尾鎮,90.2,66.8,25.4,虎尾科大中正路商圈 / 虎尾圓環商圈,23.7,120.43
雲林縣,西螺鎮,88.3,65.4,24.7,西螺延平老街商圈 / 西螺大橋觀光區,23.79,120.46
雲林縣,土庫鎮,85.2,63.1,23.6,土庫順天宮中山路老街商圈,23.69,120.39
雲林縣,北港鎮,87.5,64.8,24.4,北港朝天宮中山路中山路意象商圈,23.56,120.3
雲林縣,古坑鄉,84.4,62.5,26.8,劍湖山世界觀光區 / 華山咖啡商圈,23.64,120.56
雲林縣,大埤鄉,82.9,61.4,26.2,大埤市區民生生活圈,23.64,120.43
雲林縣,莿桐鄉,84.8,62.8,26.9,莿桐中正路核心民生商圈,23.76,120.47
雲林縣,林內鄉,83.8,62.1,26.6,林內火車站中正路商圈,23.75,120.52
雲林縣,二崙鄉,82.6,61.2,26.1,二崙市區中山路發展區,23.81,120.41
雲林縣,崙背鄉,85.6,63.4,23.7,崙背建國路生活商圈,23.76,120.35
雲林縣,麥寮鄉,98.8,73.2,25.1,麥寮台塑六輕中興路民生生活商圈,23.75,120.25
雲林縣,東勢鄉,81.7,60.5,25.8,雲林東勢市區民生發展區,23.67,120.25
雲林縣,褒忠鄉,82.1,60.8,25.9,褒忠中正路核心生活圈,23.69,120.31
雲林縣,臺西鄉,82.6,61.2,26.1,臺西中山路老街商圈,23.7,120.19
雲林縣,元長鄉,81.5,60.4,25.7,元長中山路市區發展區,23.64,120.31
雲林縣,四湖鄉,81.1,60.1,25.6,四湖參天宮中山路商圈,23.63,120.22
雲林縣,口湖鄉,81.9,60.7,25.9,口湖漁港觀光廊道 / 市區民生,23.58,120.18
雲林縣,水林鄉,81.4,60.3,25.6,水林中正路市區生活圈,23.56,120.21
嘉義市,東區,106.8,79.1,24.5,嘉義耐斯廣場購物中心 / 文化路夜市(北側),23.48,120.45
嘉義市,西區,105.8,78.4,24.2,嘉義新光三越 / 遠東百貨 / 嘉義火車站商圈,23.47,120.43
嘉義縣,太保市,97.7,72.4,24.7,故宮南院觀光帶 / 嘉義高鐵特區生活圈,23.45,120.33
嘉義縣,朴子市,94.8,70.2,23.6,朴子配天宮文化路商圈 / 嘉義科學園區,23.46,120.24
嘉義縣,布袋鎮,85.2,63.1,23.6,布袋觀光魚市海鮮商圈 / 高跟鞋教堂,23.37,120.16
嘉義縣,大林鎮,89.2,66.1,25.0,大林火車站中山路商圈,23.6,120.47
嘉義縣,民雄鄉,96.5,71.5,24.2,民雄火車站鵝肉美食商圈 / 中正大學城,23.55,120.43
嘉義縣,溪口鄉,82.6,61.2,26.1,溪口市區民生路發展區,23.6,120.39
嘉義縣,新港鄉,87.1,64.5,24.2,新港奉天宮中山路商圈,23.55,120.34
嘉義縣,六腳鄉,82.1,60.8,25.9,蒜頭糖廠文創特區生活圈,23.49,120.33
嘉義縣,東石鄉,82.9,61.4,26.2,東石漁人碼頭觀光海鮮商圈,23.45,120.15
嘉義縣,義竹鄉,82.5,61.1,26.1,義竹市區核心生活圈,23.33,120.24
嘉義縣,鹿草鄉,84.4,62.5,26.8,鹿草市區民生發展區,23.41,120.3
嘉義縣,水上鄉,89.6,66.4,25.2,水上火車站中興路商圈,23.42,120.4
嘉義縣,中埔鄉,88.8,65.8,24.9,中埔頂六阿里山公路商圈,23.42,120.48
嘉義縣,竹崎鄉,85.3,63.2,23.6,竹崎火車站民生路商圈,23.52,120.55
嘉義縣,梅山鄉,84.2,62.4,26.7,梅山老街中山路商圈 / 太平雲梯,23.58,120.55
嘉義縣,番路鄉,83.6,61.9,26.4,番路觸口阿里山軸帶觀光區,23.46,120.55
嘉義縣,大埔鄉,81.3,60.2,25.6,曾文水庫觀光風景區生活圈,23.29,120.59
嘉義縣,阿里山鄉,82.8,61.3,26.1,阿里山國家森林遊樂區精華商圈,23.51,120.8
台南市,中西區,111.4,82.5,26.2,新光三越台南西門店 / 藍晒圖 / 國華街商圈,22.99,120.19
台南市,東區,124.9,92.5,24.2,台南南紡購物中心 (T.S. Mall) / 成大商圈,22.98,120.22
台南市,南區,103.7,76.8,26.9,台南金華路商圈 / 新興路民生生活圈,22.96,120.19
台南市,北區,114.9,85.1,24.0,小北成功夜市商圈 / 西門路大潤發商圈,23.0,120.2
台南市,安平區,116.6,86.4,24.7,安平老街觀光商圈 / 永華路市政商圈,22.99,120.16
台南市,安南區,106.9,79.2,24.6,安南同安路商圈 / 安和路民生商圈,23.04,120.18
台南市,新營區,106.0,78.5,24.2,新營火車站民治路中正路商圈,23.3,120.31
台南市,鹽水區,87.5,64.8,24.4,鹽水月津港老街商圈,23.31,120.26
台南市,白河區,84.2,62.4,26.7,白河中正路商圈 / 關子嶺溫泉區,23.35,120.41
台南市,柳營區,88.0,65.2,24.6,柳營市區民生發展區,23.27,120.33
台南市,後壁區,85.2,63.1,23.6,後壁菁寮老街 (無米樂商圈),23.36,120.36
台南市,東山區,82.6,61.2,26.1,東山中正路咖啡美食軸帶,23.32,120.4
台南市,麻豆區,96.4,71.4,24.2,麻豆中山路中正路商圈 / 圓環,23.18,120.24
台南市,下營區,85.7,63.5,23.8,下營中正路核心生活圈,23.23,120.26
台南市,六甲區,88.8,65.8,24.9,六甲市區中山路生活商圈,23.23,120.29
台南市,官田區,92.3,68.4,26.2,官田隆田火車站商圈 / 隆西街,23.19,120.31
台南市,大內區,82.5,61.1,26.1,大內市區在地生活圈,23.11,120.4
台南市,佳里區,97.5,72.2,24.6,佳里中山路文化路核心繁華商圈,23.16,120.17
台南市,學甲區,87.1,64.5,24.2,學甲中正路民生商圈,23.22,120.18
台南市,西港區,91.9,68.1,26.0,西港中山路核心生活圈,23.12,120.2
台南市,七股區,83.8,62.1,26.6,七股鹽山觀光帶 / 沿海生活圈,23.14,120.14
台南市,將軍區,83.0,61.5,26.2,將軍漁港觀光海鮮軸帶,23.19,120.15
台南市,北門區,82.6,61.2,26.1,北門水晶教堂婚紗美地觀光區,23.26,120.12
台南市,新化區,97.9,72.5,24.8,新化老街中山路中正路商圈,23.03,120.3
台南市,善化區,148.6,110.1,26.0,南科 LM 特區生活圈 / 善化火車站中山路商圈,23.12,120.29
台南市,新市區,130.1,96.4,26.2,新市中正路民生商圈 / 南科核心擴展區,23.01,120.29
台南市,安定區,110.8,82.1,26.0,南科安定港口生活圈 / 安定保安路,23.12,120.23
台南市,山上區,89.6,66.4,25.2,山上花園水道博物館觀光帶,23.04,120.35
台南市,玉井區,86.7,64.2,24.1,玉井中正路芒果意象老街商圈,23.12,120.46
台南市,楠西區,82.9,61.4,26.2,楠西市區 / 玄空法寺觀光帶,23.17,120.48
台南市,南化區,81.7,60.5,25.8,南化烏山觀光廊道生活圈,23.04,120.47
台南市,左鎮區,81.1,60.1,25.6,左鎮化石園區觀光軸帶,23.05,120.4
台南市,仁德區,108.5,80.4,25.2,仁德家樂福 / 迪卡儂 / 特力屋生活廣場,22.97,120.25
台南市,歸仁區,112.9,83.6,26.8,MITSUI OUTLET PARK 台南 (三井奧特萊斯高鐵店),22.96,120.29
台南市,關廟區,92.5,68.5,26.2,關廟中山路核心民生商圈,22.96,120.32
台南市,龍崎區,81.3,60.2,25.6,龍崎虎形山觀光生活圈,22.96,120.36
台南市,永康區,113.7,84.2,23.6,永康中華路商圈 / 崑山科大商圈 / 鹽行商圈,23.02,120.25
高雄市,鹽埕區,103.3,76.5,26.8,駁二藝術特區 / 鹽埕埔大勇路商圈,22.62,120.28
高雄市,鼓山區,128.8,95.4,25.7,高雄美術館特區 / 青海路餐飲商圈 / 巨蛋西側,22.65,120.28
高雄市,左營區,108.5,80.4,25.2,漢神巨蛋購物廣場 / 左營高鐵新光三越,22.68,120.3
高雄市,楠梓區,107.2,79.4,24.7,楠梓德賢商圈 / 藍田家樂福商圈 / 高科大,22.72,120.32
高雄市,三民區,106.0,78.5,24.2,高醫熱河吉林商圈 / 鼎山家樂福 / 高雄車站,22.64,120.32
高雄市,新興區,109.6,81.2,25.6,新堀江商圈 / 六合夜市商圈 / 五福二路,22.62,120.3
高雄市,前金區,114.1,84.5,23.8,高雄漢神百貨 (成功店) / 自強夜市商圈,22.62,120.29
高雄市,苓雅區,112.6,83.4,26.7,高雄大遠百 / 三多商圈 / 文化中心商圈,22.62,120.33
高雄市,前鎮區,115.6,85.6,24.3,統一夢時代購物中心 (Dream Mall) / 亞灣區,22.59,120.3
高雄市,旗津區,88.0,65.2,24.6,旗津老街海鮮觀光商圈 / 渡輪站,22.56,120.26
高雄市,小港區,101.4,75.1,26.0,小港漢民路核心商圈 / 沿海路,22.56,120.33
高雄市,鳳山區,105.0,77.8,23.9,鳳山青年路商圈 / 文山特區 / 中山路夜市,22.62,120.35
高雄市,林園區,96.1,71.2,24.1,林園鳳林路核心生活商圈,22.5,120.39
高雄市,大寮區,96.9,71.8,24.4,大寮捷運站生活圈 / 鳳林三路商圈,22.6,120.39
高雄市,大樹區,88.3,65.4,24.7,義大世界購物廣場 (E-DA Outlet) / 舊鐵橋,22.69,120.42
高雄市,大社區,94.6,70.1,23.5,大社中山路核心民生餐飲商圈,22.72,120.34
高雄市,仁武區,103.3,76.5,26.8,仁武仁雄路澄觀路精華生活商圈,22.68,120.34
高雄市,鳥松區,111.1,82.3,26.1,鳥松神農路生活圈 / 澄清湖風景區,22.65,120.36
高雄市,岡山區,105.6,78.2,24.1,岡山樂購廣場 (📍 岡山 樂購廣場 Logone),22.79,120.29
高雄市,橋頭區,101.0,74.8,25.9,橋頭老街火車站商圈 / 橋頭新市鎮,22.75,120.31
高雄市,燕巢區,92.3,68.4,26.2,燕巢中民路市區師大校區生活圈,22.79,120.36
高雄市,田寮區,81.7,60.5,25.8,田寮月世界月世界風景區,22.87,120.38
高雄市,阿蓮區,88.8,65.8,24.9,阿蓮中山路核心生活圈,22.88,120.32
高雄市,路竹區,97.7,72.4,24.7,路竹火車站中正路大路竹商圈,22.85,120.29
高雄市,湖內區,94.9,70.3,23.6,湖內保生路核心生活商圈,22.9,120.21
高雄市,茄萣區,89.4,66.2,25.1,興達港觀光魚市觀光海鮮商圈,22.9,120.18
高雄市,永安區,96.0,71.1,24.0,永安市區民生生活圈,22.81,120.22
高雄市,彌陀區,88.3,65.4,24.7,彌陀中正路生活商圈,22.78,120.24
高雄市,梓官區,92.1,68.2,26.1,梓官蚵仔寮觀光魚市商圈,22.76,120.26
高雄市,旗山區,89.8,66.5,25.2,旗山老街中山路觀光商圈 / 圓環,22.88,120.48
高雄市,美濃區,86.7,64.2,24.1,美濃客家老街粄條形象商圈,22.89,120.54
高雄市,六龜區,83.4,61.8,26.4,寶來溫泉風景觀光區 / 六龜老街,22.99,120.63
高雄市,甲仙區,82.5,61.1,26.1,甲仙文化路芋頭意象形象商圈,23.08,120.59
高雄市,杉林區,81.5,60.4,25.7,杉林市區山城生活圈,22.97,120.53
高雄市,內門區,83.0,61.5,26.2,內門紫竹寺總埔老街生活圈,22.94,120.45
高雄市,茂林區,82.6,61.2,26.1,茂林國家風景區紫蝶幽谷觀光帶,22.88,120.66
高雄市,桃源區,83.8,62.1,26.6,桃源南橫觀光軸帶生活圈,23.15,120.76
高雄市,那瑪夏區,83.3,61.7,26.4,那瑪夏達卡努瓦部落觀光廊道,23.22,120.7
屏東縣,屏東市,91.9,68.1,26.0,屏東太平洋百貨 / 環球購物中心屏東店 / 驛站商圈,22.66,120.48
屏東縣,三地門鄉,82.6,61.2,26.1,三地門原住民文化意象觀光區,22.71,120.65
屏東縣,霧臺鄉,81.5,60.4,25.7,霧台神山部落櫻花觀光生活圈,22.74,120.73
屏東縣,瑪家鄉,82.1,60.8,25.9,台灣原住民族文化園區周邊,22.7,120.64
屏東縣,九如鄉,86.7,64.2,24.1,九如九如路核心民生生活圈,22.73,120.49
屏東縣,里港鄉,88.8,65.8,24.9,里港中山路扁食美食商圈,22.77,120.49
屏東縣,高樹鄉,82.9,61.4,26.2,高樹市區南興路民生生活圈,22.82,120.6
屏東縣,鹽埔鄉,85.3,63.2,23.6,鹽埔市區民生發展區,22.75,120.57
屏東縣,長治鄉,89.8,66.5,25.2,長治中興路核心民生圈,22.68,120.52
屏東縣,麟洛鄉,88.3,65.4,24.7,麟洛火車站中山路生活圈,22.65,120.52
屏東縣,竹田鄉,87.5,64.8,24.4,竹田驛園文創觀光火車站,22.58,120.52
屏東縣,內埔鄉,92.1,68.2,26.1,內埔廣濟路昌黎祠核心商圈 / 屏科大,22.61,120.56
屏東縣,萬丹鄉,91.0,67.4,25.7,萬丹萬壽路紅豆美食商圈,22.58,120.48
屏東縣,潮州鎮,94.8,70.2,23.6,潮州日式歷史建築園區 / 冷熱冰圓環商圈,22.55,120.54
屏東縣,泰武鄉,81.7,60.5,25.8,吾拉魯茲佳平部落咖啡軸帶,22.59,120.63
屏東縣,來義鄉,81.3,60.2,25.6,來義古樓部落原民生活圈,22.52,120.63
屏東縣,萬巒鄉,85.7,63.5,23.8,萬巒豬腳美食形象老街商圈,22.57,120.56
屏東縣,崁頂鄉,85.2,63.1,23.6,崁頂市區生活發展區,22.51,120.47
屏東縣,新埤鄉,83.4,61.8,26.4,新埤新華路市區生活圈,22.46,120.55
屏東縣,南州鄉,86.7,64.2,24.1,南州火車站前三民路商圈,22.48,120.5
屏東縣,林邊鄉,85.6,63.4,23.7,林邊火車站中山路海鮮商圈,22.43,120.51
屏東縣,東港鎮,93.8,69.5,26.8,東港華僑市場海鮮觀光商圈 / 迎王核心區,22.46,120.44
屏東縣,琉球鄉,88.8,65.8,24.9,小琉球白沙尾觀光港精華商圈 / 離島熱點,22.35,120.38
屏東縣,佳冬鄉,84.2,62.4,26.7,佳冬客家活體博物館老街商圈,22.41,120.55
屏東縣,枋寮鄉,86.7,64.2,24.1,枋寮火車站海鷗路海鮮商圈,22.36,120.59
屏東縣,枋山鄉,83.6,61.9,26.4,枋山海景咖啡軸帶 / 墾丁前哨站,22.26,120.65
屏東縣,春日鄉,81.5,60.4,25.7,春日部落原民產業生活圈,22.37,120.62
屏東縣,獅子鄉,81.1,60.1,25.6,雙流國家森林遊樂區軸帶,22.2,120.7
屏東縣,牡丹鄉,82.6,61.2,26.1,旭海溫泉風景觀光區 / 牡丹水庫,22.16,120.77
屏東縣,車城鄉,85.2,63.1,23.6,車城福安宮全台最大土地公廟美食商圈,22.07,120.71
屏東縣,滿州鄉,81.9,60.7,25.9,滿州佳樂水風景觀光軸帶,22.02,120.83
屏東縣,恆春鎮,91.0,67.4,25.7,恆春古城老街商圈 / 墾丁大街核心觀光商圈,22.0,120.74
宜蘭縣,宜蘭市,95.0,70.4,23.7,宜蘭新月廣場 (Luna Plaza) / 幾米廣場商圈,24.75,121.75
宜蘭縣,羅東鎮,92.5,68.5,26.2,羅東夜市商圈 / 民權路民生路 / 羅東車站,24.67,121.76
宜蘭縣,蘇澳鎮,88.0,65.2,24.6,蘇澳冷泉觀光商圈 / 南方澳漁港海鮮商圈,24.59,121.84
宜蘭縣,頭城鎮,87.5,64.8,24.4,頭城老街商圈 / 烏石港衝浪觀光軸帶,24.85,121.82
宜蘭縣,礁溪鄉,90.7,67.2,25.6,礁溪溫泉觀光飯店商圈 / 礁溪火車站,24.82,121.77
宜蘭縣,壯圍鄉,84.8,62.8,26.9,壯圍壯五路市區民生生活圈,24.74,121.78
宜蘭縣,員山鄉,85.7,63.5,23.8,員山員山路香草菲菲觀光帶,24.74,121.71
宜蘭縣,冬山鄉,89.4,66.2,25.1,冬山火車站老街商圈 / 順安生活圈,24.63,121.79
宜蘭縣,五結鄉,88.8,65.8,24.9,國立傳統藝術中心觀光軸帶 / 中興文創,24.68,121.79
宜蘭縣,三星鄉,82.9,61.4,26.2,三星三星路卜肉三星蔥意象商圈,24.66,121.65
宜蘭縣,大同鄉,81.9,60.7,25.9,太平山國家森林遊樂區觀光軸,24.53,121.6
宜蘭縣,南澳鄉,82.5,61.1,26.1,蘇花改南澳火車站民生發展區,24.46,121.79
花蓮縣,花蓮市,93.8,69.5,26.8,花蓮遠東百貨 / 東大門夜市商圈 / 金三角商圈,23.97,121.61
花蓮縣,鳳林鎮,84.2,62.4,26.7,鳳林火車站中正路慢城商圈,23.74,121.45
花蓮縣,玉里鎮,85.2,63.1,23.6,玉里火車站中山路麵食美食商圈,23.33,121.31
花蓮縣,新城鄉,87.1,64.5,24.2,新城火車站 / 太魯閣新城老街觀光帶,24.12,121.64
花蓮縣,吉安鄉,89.4,66.2,25.1,吉安中華路中央路黃昏市場核心商圈,23.95,121.58
花蓮縣,壽豐鄉,84.8,62.8,26.9,東華大學志學大學城商圈 / 理想大地,23.86,121.5
花蓮縣,光復鄉,82.9,61.4,26.2,花蓮糖廠觀光商圈 / 光復火車站,23.66,121.42
花蓮縣,豐濱鄉,81.3,60.2,25.6,豐濱石梯坪觀光海濱廊道,23.59,121.51
花蓮縣,瑞穗鄉,83.0,61.5,26.2,瑞穗溫泉飯店區 / 瑞穗火車站商圈,23.49,121.37
花蓮縣,富里鄉,82.1,60.8,25.9,六十石山金針花觀光帶 / 富里市區,23.19,121.25
花蓮縣,秀林鄉,83.6,61.9,26.4,太魯閣國家公園天祥觀光軸帶,24.2,121.48
花蓮縣,萬榮鄉,81.1,60.1,25.6,萬榮林田山林業文創園區,23.71,121.4
花蓮縣,卓溪鄉,81.4,60.3,25.6,玉山國家公園東部園區軸帶,23.34,121.24
台東縣,台東市,88.0,65.2,24.6,台東秀泰廣場 (Showtime) / 鐵花村 / 正氣路夜市,22.75,121.15
台東縣,成功鎮,82.6,61.2,26.1,成功漁港海鮮商圈 / 三仙台觀光帶,23.1,121.37
台東縣,關山鎮,84.2,62.4,26.7,關山火車站中山路老街親水商圈,23.04,121.16
台東縣,卑南鄉,83.4,61.8,26.4,知本溫泉觀光飯店商圈 / 初鹿牧場,22.79,121.08
台東縣,大武鄉,81.5,60.4,25.7,南迴大武之心驛站商圈,22.35,120.89
台東縣,太麻里鄉,82.5,61.1,26.1,太麻里金針山櫻花軸 / 櫻木花道平交道,22.61,121.0
台東縣,東河鄉,81.7,60.5,25.8,東河包子意象都蘭衝浪觀光商圈,22.97,121.3
台東縣,長濱鄉,81.1,60.1,25.6,長濱金剛大道觀光農業區,23.31,121.45
台東縣,鹿野鄉,83.2,61.6,26.3,鹿野高台熱氣球觀光特區 / 鹿野火車站,22.91,121.13
台東縣,池上鄉,84.8,62.8,26.9,池上火車站便當商圈 / 伯朗大道觀光帶,23.12,121.21
台東縣,綠島鄉,86.7,64.2,24.1,綠島南寮漁港大街精華商圈 / 離島熱點,22.67,121.48
台東縣,延平鄉,81.3,60.2,25.6,紅葉少棒紀念館原民文創區,22.9,121.07
台東縣,海端鄉,81.4,60.3,25.6,南迴向陽埡口登山軸帶,23.1,121.17
台東縣,達仁鄉,81.1,60.1,25.6,南迴安朔核心生活發展區,22.29,120.88
台東縣,金峰鄉,81.5,60.4,25.7,金峰洛神花意象溫泉特區,22.59,120.97
台東縣,蘭嶼鄉,85.7,63.5,23.8,蘭嶼紅頭開元港觀光大街 / 離島熱點,22.05,121.54
澎湖縣,馬公市,91.5,67.8,25.9,澎湖三號港購物中心 (Pier 3) / 中正路老街夜市,23.57,119.56
澎湖縣,湖西鄉,84.2,62.4,26.7,澎湖隘門沙灘奎壁山摩西分海觀光帶,23.58,119.65
澎湖縣,白沙鄉,83.4,61.8,26.4,澎湖跨海大橋觀光軸帶 / 通梁古榕,23.66,119.59
澎湖縣,西嶼鄉,82.6,61.2,26.1,漁翁島燈塔大菓葉玄武岩觀光軸,23.6,119.51
澎湖縣,望安鄉,81.7,60.5,25.8,望安綠蠵龜觀光生態發展區,23.37,119.5
澎湖縣,七美鄉,82.9,61.4,26.2,七美雙心石滬觀光大廊道,23.22,119.42
金門縣,金城鎮,97.3,72.1,24.5,金門金城車站模範街老街商圈,24.44,118.37
金門縣,金沙鎮,92.3,68.4,26.2,金門沙美老街 / 摩洛哥意象商圈,24.48,118.41
金門縣,金湖鎮,96.5,71.5,24.2,昇恆昌金湖廣場 (免稅店) / 新市里商圈,24.44,118.41
金門縣,金寧鄉,94.8,70.2,23.6,金門大學城生活圈 / 頂堡精華民生區,24.45,118.34
金門縣,烈嶼鄉,89.8,66.5,25.2,小金門東林老街商圈 / 金門大橋軸帶,24.43,118.24
金門縣,烏坵鄉,81.1,60.1,25.6,烏坵離島生活圈防護網,24.97,119.44
連江縣,南竿鄉,100.6,74.5,25.8,馬祖南竿介壽獅子市場核心商圈,26.15,119.93
連江縣,北竿鄉,94.8,70.2,23.6,馬祖北竿塘岐村商圈 / 芹壁聚落觀光區,26.22,119.99
連江縣,莒光鄉,89.6,66.4,25.2,馬祖莒光東莒西莒在地民生圈,25.96,119.94
連江縣,東引鄉,98.7,73.1,25.0,馬祖東引中柳村樂華村精華生活圈,26.36,120.48
